customer_id,customer_name,reg_date
1,Saurabh Sharma,1/26/2023
2,Sneha Gupta,9/8/2023
3,Neha Verma,4/15/2023
4,Saurabh Kapoor,3/31/2023
5,Pooja Iyer,2/2/2023
6,Aman Sharma,8/12/2023
7,Neha Kapoor,9/8/2024
8,Aman Kapoor,7/23/2023
9,Sneha Malhotra,12/19/2024
10,Vikas Iyer,8/14/2023
11,Rohit Singh,10/12/2023
12,Amit Shah,6/13/2023
13,Sneha Iyer,12/15/2023
14,Priya Verma,8/9/2023
15,Amit Mehta,4/15/2023
16,Ravi Iyer,4/10/2023
17,Anjali Mehta,9/10/2024
18,Priya Shah,4/15/2024
19,Vikas Sharma,1/23/2024
20,Ravi Kapoor,10/28/2023
21,Divya Malhotra,9/25/2024
22,Manish Mehta,8/14/2024
23,Neha Sharma,2/16/2023
24,Saurabh Patel,10/24/2023
25,Ravi Patel,4/14/2023
26,Karan Gupta,4/9/2024
27,Saurabh Mehta,6/16/2023
28,Anjali Mehta,8/3/2023
29,Saurabh Gupta,12/19/2024
30,Manish Malhotra,10/25/2024
31,Ravi Singh,10/12/2024
32,Rahul Kapoor,9/8/2023
33,Rahul Rao,1/24/2024
34,Priya Malhotra,12/5/2024
35,Vikas Patel,12/2/2024
36,Anjali Shah,8/23/2023
37,Divya Shah,11/20/2023
38,Karan Gupta,3/9/2023
39,Neha Singh,11/19/2023
40,Neha Malhotra,5/26/2024
41,Karan Malhotra,4/14/2024
42,Rahul Gupta,5/23/2023
43,Neha Kapoor,7/5/2024
44,Priya Singh,3/14/2024
45,Manish Singh,2/13/2024
46,Anjali Patel,5/22/2023
47,Vikas Rao,4/4/2023
48,Amit Shah,4/23/2023
49,Rahul Malhotra,6/13/2023
50,Amit Malhotra,3/8/2024
51,Pooja Sharma,1/30/2024
52,Karan Singh,4/24/2024
53,Vikas Gupta,7/20/2024
54,Divya Shah,11/27/2024
55,Sneha Sharma,11/29/2024
56,Manish Kapoor,10/1/2023
57,Amit Malhotra,12/15/2023
58,Ravi Gupta,3/21/2024
59,Rahul Rao,1/4/2023
60,Sneha Gupta,5/27/2024
61,Amit Verma,6/3/2024
62,Manish Sharma,10/2/2024
63,Priya Malhotra,6/3/2024
64,Pooja Patel,6/6/2023
65,Anjali Verma,7/6/2024
66,Amit Kapoor,1/1/2023
67,Pooja Mehta,5/15/2024
68,Aman Sharma,1/7/2024
69,Manish Gupta,9/3/2023
70,Aman Patel,8/3/2024
71,Ravi Sharma,5/12/2024
72,Divya Sharma,6/29/2024
73,Amit Verma,5/12/2023
74,Saurabh Rao,7/16/2024
75,Rahul Gupta,6/24/2024
76,Divya Singh,3/9/2024
77,Neha Kapoor,12/7/2024
78,Neha Gupta,2/13/2024
79,Saurabh Malhotra,1/18/2024
80,Rohit Kapoor,4/7/2024
81,Ravi Patel,8/19/2023
82,Ravi Mehta,1/22/2023
83,Pooja Kapoor,8/24/2023
84,Pooja Patel,1/8/2023
85,Ravi Malhotra,3/2/2023
86,Neha Sharma,2/2/2023
87,Divya Mehta,3/14/2023
88,Vikas Patel,10/13/2023
89,Saurabh Rao,8/8/2023
90,Vikas Verma,8/7/2024
91,Pooja Rao,9/6/2023
92,Amit Rao,2/21/2024
93,Neha Sharma,4/10/2023
94,Saurabh Iyer,12/29/2023
95,Karan Iyer,4/23/2024
96,Divya Shah,11/20/2024
97,Saurabh Malhotra,4/11/2023
98,Aman Iyer,12/14/2023
99,Amit Sharma,9/12/2023
100,Neha Patel,7/3/2024
101,Rohit Verma,3/8/2024
102,Rahul Gupta,4/18/2024
103,Neha Sharma,3/29/2024
104,Amit Kapoor,4/11/2023
105,Aman Malhotra,7/7/2024
106,Divya Shah,4/6/2023
107,Manish Patel,6/20/2023
108,Karan Rao,5/7/2024
109,Neha Iyer,3/2/2023
110,Rahul Iyer,1/3/2023
111,Karan Gupta,4/10/2024
112,Priya Iyer,12/14/2024
113,Sneha Kapoor,11/8/2024
114,Sneha Rao,6/8/2023
115,Neha Gupta,8/11/2023
116,Aman Singh,7/9/2024
117,Aman Mehta,2/28/2023
118,Aman Singh,5/3/2024
119,Vikas Kapoor,6/11/2023
120,Aman Kapoor,3/24/2023
121,Divya Verma,3/12/2023
122,Pooja Sharma,11/22/2024
123,Divya Patel,2/18/2024
124,Ravi Singh,9/10/2023
125,Pooja Singh,2/10/2023
126,Pooja Sharma,3/5/2024
127,Saurabh Singh,8/1/2024
128,Vikas Mehta,9/25/2023
129,Neha Malhotra,11/18/2023
130,Neha Gupta,2/10/2024
131,Rahul Malhotra,10/22/2024
132,Priya Rao,11/20/2023
133,Manish Sharma,1/10/2023
134,Rohit Singh,7/30/2024
135,Ravi Sharma,7/4/2024
136,Neha Kapoor,9/29/2023
137,Rahul Mehta,3/12/2023
138,Manish Patel,1/14/2024
139,Priya Verma,3/24/2024
140,Divya Kapoor,12/21/2024
141,Priya Singh,10/31/2024
142,Vikas Shah,11/14/2024
143,Divya Kapoor,11/3/2023
144,Manish Malhotra,4/17/2023
145,Manish Verma,9/28/2023
146,Ravi Sharma,7/20/2024
147,Rahul Gupta,10/16/2023
148,Pooja Patel,12/18/2023
149,Neha Malhotra,10/11/2024
150,Divya Gupta,6/1/2024
151,Rohit Gupta,2/22/2023
152,Ravi Malhotra,3/9/2024
153,Divya Gupta,2/15/2023
154,Aman Mehta,5/14/2023
155,Saurabh Gupta,6/15/2023
156,Sneha Rao,7/18/2024
157,Sneha Iyer,7/28/2024
158,Aman Sharma,3/19/2023
159,Manish Verma,7/12/2024
160,Aman Mehta,8/19/2024
161,Vikas Verma,3/16/2024
162,Rahul Shah,11/12/2023
163,Anjali Shah,1/2/2024
164,Neha Malhotra,9/13/2023
165,Saurabh Sharma,12/29/2023
166,Amit Kapoor,2/21/2024
167,Pooja Verma,8/31/2023
168,Divya Verma,7/1/2023
169,Manish Iyer,1/26/2023
170,Rahul Mehta,2/26/2024
171,Amit Malhotra,9/12/2023
172,Priya Verma,12/19/2024
173,Ravi Iyer,2/9/2023
174,Divya Rao,8/16/2023
175,Neha Rao,12/25/2023
176,Priya Patel,8/17/2023
177,Aman Malhotra,7/17/2023
178,Karan Mehta,10/13/2023
179,Divya Sharma,10/13/2023
180,Anjali Malhotra,6/5/2024
181,Karan Malhotra,7/3/2024
182,Anjali Shah,4/29/2023
183,Manish Gupta,7/2/2023
184,Pooja Gupta,2/9/2023
185,Ravi Singh,3/20/2024
186,Anjali Mehta,3/22/2024
187,Pooja Kapoor,4/29/2023
188,Karan Singh,7/14/2023
189,Priya Shah,12/26/2024
190,Karan Shah,6/16/2024
191,Manish Kapoor,12/4/2024
192,Sneha Malhotra,7/21/2023
193,Anjali Iyer,3/13/2023
194,Saurabh Mehta,9/30/2024
195,Anjali Malhotra,5/8/2023
196,Sneha Gupta,6/3/2024
197,Priya Malhotra,2/23/2024
198,Anjali Iyer,12/14/2024
199,Priya Kapoor,5/11/2023
200,Neha Iyer,11/11/2024
201,Karan Malhotra,6/28/2023
202,Pooja Singh,11/5/2023
203,Karan Kapoor,1/1/2023
204,Priya Gupta,8/4/2023
205,Karan Singh,9/13/2024
206,Saurabh Mehta,4/21/2024
207,Rohit Rao,11/22/2024
208,Neha Kapoor,4/29/2024
209,Amit Verma,11/5/2024
210,Ravi Gupta,6/11/2024
211,Saurabh Malhotra,9/26/2024
212,Anjali Sharma,8/29/2023
213,Saurabh Gupta,8/19/2023
214,Amit Patel,5/31/2023
215,Aman Shah,9/8/2023
216,Rohit Singh,3/16/2023
217,Rohit Iyer,10/6/2024
218,Pooja Patel,12/14/2024
219,Karan Rao,2/14/2024
220,Neha Verma,11/2/2024
221,Sneha Shah,4/20/2023
222,Amit Iyer,8/13/2023
223,Rahul Kapoor,4/20/2024
224,Aman Kapoor,9/13/2023
225,Manish Sharma,4/12/2024
226,Rahul Rao,11/14/2024
227,Vikas Kapoor,9/1/2024
228,Anjali Rao,9/19/2024
229,Divya Kapoor,3/12/2024
230,Divya Kapoor,4/1/2024
231,Manish Verma,5/1/2024
232,Rohit Gupta,9/11/2023
233,Divya Malhotra,10/11/2023
234,Amit Kapoor,5/11/2024
235,Saurabh Patel,10/9/2023
236,Rohit Sharma,12/31/2024
237,Priya Patel,10/6/2023
238,Anjali Mehta,7/7/2024
239,Ravi Verma,6/4/2023
240,Neha Iyer,12/11/2024
241,Rahul Patel,3/7/2023
242,Karan Iyer,12/5/2023
243,Vikas Rao,3/1/2024
244,Aman Patel,3/6/2024
245,Karan Singh,12/13/2024
246,Aman Singh,1/25/2024
247,Rohit Shah,12/27/2023
248,Priya Iyer,3/5/2024
249,Vikas Kapoor,9/9/2024
250,Manish Patel,5/14/2024
251,Neha Gupta,3/22/2024
252,Rohit Shah,2/3/2024
253,Anjali Malhotra,11/26/2024
254,Amit Iyer,6/19/2023
255,Divya Rao,5/11/2023
256,Pooja Kapoor,1/28/2023
257,Manish Iyer,8/29/2024
258,Pooja Malhotra,1/28/2023
259,Ravi Malhotra,3/14/2024
260,Rahul Rao,7/6/2023
261,Aman Gupta,1/24/2024
262,Anjali Patel,4/10/2024
263,Anjali Mehta,1/24/2024
264,Priya Iyer,9/16/2023
265,Divya Sharma,4/26/2024
266,Aman Kapoor,2/23/2023
267,Anjali Patel,10/27/2024
268,Ravi Malhotra,2/11/2023
269,Amit Shah,9/11/2023
270,Neha Shah,9/28/2024
271,Rahul Patel,5/10/2023
272,Rohit Malhotra,4/28/2023
273,Pooja Patel,4/21/2024
274,Sneha Gupta,1/13/2024
275,Rahul Singh,9/13/2024
276,Sneha Sharma,6/17/2023
277,Priya Sharma,8/15/2024
278,Aman Gupta,8/12/2024
279,Saurabh Iyer,2/11/2024
280,Sneha Patel,3/19/2023
281,Pooja Malhotra,9/6/2023
282,Ravi Gupta,12/1/2024
283,Pooja Sharma,8/2/2024
284,Amit Shah,12/22/2023
285,Vikas Iyer,11/8/2024
286,Anjali Sharma,6/2/2024
287,Saurabh Mehta,1/13/2023
288,Divya Iyer,5/16/2024
289,Ravi Iyer,1/6/2024
290,Saurabh Rao,12/25/2024
291,Rahul Iyer,6/30/2023
292,Sneha Kapoor,10/28/2024
293,Priya Singh,7/5/2024
294,Amit Rao,4/21/2024
295,Karan Singh,10/2/2023
296,Anjali Patel,3/30/2023
297,Priya Rao,9/7/2023
298,Amit Rao,8/6/2024
299,Pooja Malhotra,1/24/2024
300,Anjali Shah,5/21/2024
301,Divya Mehta,7/6/2023
302,Rohit Patel,12/30/2023
303,Amit Gupta,12/15/2023
304,Priya Singh,12/19/2024
305,Manish Gupta,7/23/2024
306,Aman Kapoor,7/15/2023
307,Ravi Patel,2/21/2024
308,Rohit Kapoor,9/4/2023
309,Sneha Rao,10/23/2024
310,Sneha Rao,4/3/2024
311,Amit Shah,4/6/2023
312,Priya Patel,2/19/2024
313,Sneha Patel,11/10/2023
314,Saurabh Singh,1/13/2024
315,Rohit Kapoor,6/27/2024
316,Anjali Iyer,7/17/2024
317,Anjali Mehta,12/20/2024
318,Rohit Gupta,11/10/2023
319,Priya Patel,5/4/2023
320,Sneha Patel,11/20/2023
321,Ravi Kapoor,12/7/2024
322,Rahul Patel,8/10/2023
323,Sneha Rao,10/11/2023
324,Sneha Singh,6/21/2024
325,Pooja Gupta,4/13/2023
326,Divya Patel,10/31/2023
327,Neha Mehta,7/3/2023
328,Priya Shah,12/26/2024
329,Vikas Verma,10/8/2023
330,Aman Shah,7/20/2024
331,Priya Verma,10/15/2024
332,Divya Rao,4/16/2023
333,Divya Shah,8/10/2024
334,Priya Rao,5/5/2024
335,Rohit Mehta,7/8/2023
336,Aman Gupta,5/4/2024
337,Ravi Sharma,2/15/2024
338,Rohit Sharma,8/13/2024
339,Saurabh Malhotra,2/24/2023
340,Rahul Verma,7/30/2024
341,Priya Sharma,9/12/2023
342,Ravi Kapoor,3/2/2024
343,Pooja Singh,9/25/2024
344,Neha Kapoor,1/25/2024
345,Rohit Rao,11/1/2023
346,Divya Singh,3/15/2024
347,Priya Singh,9/27/2024
348,Aman Singh,4/12/2023
349,Amit Patel,10/2/2024
350,Neha Gupta,11/7/2024
351,Ravi Verma,9/3/2023
352,Rahul Kapoor,3/18/2023
353,Rahul Shah,2/23/2024
354,Rohit Singh,4/26/2024
355,Priya Shah,8/26/2023
356,Priya Gupta,12/20/2024
357,Divya Rao,3/14/2023
358,Saurabh Patel,9/28/2023
359,Amit Malhotra,8/26/2024
360,Saurabh Patel,3/11/2024
361,Ravi Kapoor,8/19/2023
362,Saurabh Verma,9/30/2023
363,Divya Verma,3/15/2023
364,Aman Verma,11/11/2023
365,Pooja Singh,10/23/2023
366,Rohit Sharma,4/24/2024
367,Sneha Gupta,12/17/2024
368,Karan Gupta,5/27/2024
369,Vikas Rao,3/24/2024
370,Ravi Singh,2/10/2023
371,Manish Iyer,11/27/2023
372,Pooja Gupta,1/27/2023
373,Ravi Patel,11/21/2024
374,Divya Singh,8/24/2024
375,Aman Malhotra,10/3/2023
376,Pooja Shah,6/29/2023
377,Rohit Kapoor,10/29/2024
378,Rohit Gupta,7/5/2023
379,Pooja Iyer,10/12/2024
380,Divya Rao,4/4/2023
381,Rohit Mehta,2/23/2024
382,Anjali Mehta,11/17/2024
383,Ravi Verma,12/4/2023
384,Karan Rao,10/23/2023
385,Saurabh Iyer,7/17/2024
386,Aman Rao,4/1/2023
387,Anjali Gupta,11/28/2023
388,Ravi Iyer,6/10/2024
389,Divya Shah,11/4/2024
390,Divya Kapoor,4/18/2024
391,Karan Shah,7/12/2023
392,Vikas Mehta,9/29/2024
393,Amit Rao,10/2/2024
394,Rohit Shah,7/28/2023
395,Priya Kapoor,5/15/2023
396,Manish Gupta,3/24/2024
397,Manish Rao,5/5/2023
398,Aman Malhotra,9/15/2024
399,Amit Patel,12/27/2024
400,Rahul Gupta,7/18/2024
401,Aman Kapoor,2/22/2024
402,Ravi Patel,4/27/2023
403,Rohit Sharma,10/25/2024
404,Divya Verma,5/25/2024
405,Manish Gupta,6/5/2024
406,Sneha Gupta,3/1/2024
407,Divya Rao,4/28/2024
408,Neha Rao,7/18/2024
409,Rahul Iyer,7/15/2023
410,Manish Singh,6/4/2024
411,Sneha Verma,3/13/2023
412,Priya Iyer,12/15/2023
413,Manish Kapoor,10/1/2023
414,Divya Shah,10/17/2023
415,Sneha Gupta,8/24/2024
416,Pooja Malhotra,5/16/2024
417,Divya Verma,4/2/2024
418,Vikas Rao,12/20/2023
419,Anjali Kapoor,7/10/2024
420,Karan Rao,11/26/2023
421,Divya Patel,12/15/2024
422,Neha Singh,1/28/2024
423,Neha Iyer,2/14/2023
424,Anjali Rao,12/23/2024
425,Manish Iyer,1/31/2024
426,Saurabh Malhotra,6/5/2023
427,Rohit Shah,5/10/2023
428,Vikas Singh,12/6/2023
429,Divya Sharma,3/26/2024
430,Ravi Kapoor,4/12/2024
431,Aman Verma,2/24/2024
432,Divya Malhotra,6/8/2023
433,Ravi Rao,9/29/2023
434,Anjali Singh,12/10/2024
435,Karan Malhotra,3/24/2023
436,Divya Mehta,11/21/2024
437,Divya Kapoor,1/25/2024
438,Anjali Malhotra,5/14/2024
439,Divya Kapoor,2/6/2023
440,Pooja Sharma,8/29/2023
441,Saurabh Malhotra,10/22/2023
442,Neha Sharma,3/20/2024
443,Ravi Malhotra,12/21/2024
444,Divya Sharma,3/30/2024
445,Rahul Gupta,1/30/2023
446,Aman Mehta,2/27/2023
447,Priya Mehta,1/19/2024
448,Karan Verma,9/8/2023
449,Vikas Iyer,8/2/2024
450,Saurabh Verma,6/24/2023
451,Rahul Sharma,9/16/2024
452,Divya Iyer,9/26/2024
453,Saurabh Patel,5/24/2024
454,Manish Singh,5/27/2023
455,Neha Rao,10/15/2024
456,Priya Rao,9/19/2023
457,Saurabh Shah,4/21/2024
458,Manish Gupta,11/24/2024
459,Vikas Verma,3/17/2023
460,Rohit Mehta,8/24/2024
461,Priya Malhotra,3/10/2024
462,Sneha Gupta,4/12/2024
463,Divya Gupta,7/23/2023
464,Karan Rao,4/20/2023
465,Neha Iyer,8/8/2024
466,Anjali Singh,10/30/2023
467,Sneha Gupta,1/23/2023
468,Divya Malhotra,2/10/2024
469,Priya Shah,8/2/2024
470,Divya Malhotra,2/20/2023
471,Manish Singh,5/23/2024
472,Divya Gupta,8/24/2023
473,Pooja Mehta,8/13/2023
474,Saurabh Patel,9/27/2024
475,Priya Malhotra,11/6/2024
476,Saurabh Verma,10/5/2024
477,Ravi Malhotra,10/23/2024
478,Aman Gupta,3/27/2024
479,Aman Singh,1/9/2024
480,Sneha Verma,4/3/2023
481,Manish Gupta,12/1/2023
482,Sneha Iyer,6/29/2023
483,Neha Verma,7/6/2024
484,Manish Mehta,6/27/2024
485,Vikas Gupta,6/18/2023
486,Priya Rao,10/30/2023
487,Sneha Mehta,4/28/2023
488,Rohit Sharma,5/25/2023
489,Amit Patel,11/23/2024
490,Sneha Malhotra,2/11/2024
491,Divya Kapoor,1/10/2024
492,Ravi Iyer,1/15/2023
493,Priya Kapoor,5/7/2023
494,Rohit Mehta,11/19/2024
495,Sneha Malhotra,9/26/2023
496,Pooja Iyer,10/15/2024
497,Anjali Sharma,11/22/2024
498,Neha Rao,1/26/2023
499,Pooja Kapoor,12/2/2023
500,Manish Singh,8/15/2023
501,Saurabh Sharma,10/12/2024
502,Divya Rao,12/18/2024
503,Priya Malhotra,2/23/2024
504,Ravi Verma,2/16/2023
505,Aman Gupta,5/19/2024
506,Ravi Sharma,8/29/2023
507,Manish Kapoor,5/19/2023
508,Karan Rao,1/15/2024
509,Saurabh Kapoor,3/5/2024
510,Pooja Verma,2/29/2024
511,Saurabh Sharma,5/16/2024
512,Pooja Iyer,10/14/2023
513,Aman Mehta,8/11/2023
514,Rohit Rao,8/30/2023
515,Divya Mehta,4/12/2023
516,Saurabh Mehta,7/11/2024
517,Manish Malhotra,1/3/2024
518,Aman Iyer,10/10/2023
519,Neha Sharma,4/10/2024
520,Ravi Malhotra,8/6/2023
521,Saurabh Malhotra,9/3/2024
522,Aman Shah,12/8/2023
523,Neha Verma,8/1/2024
524,Neha Sharma,7/21/2024
525,Neha Singh,8/10/2023
526,Divya Patel,12/3/2023
527,Amit Verma,9/2/2024
528,Aman Gupta,5/29/2023
529,Rahul Kapoor,9/14/2023
530,Amit Verma,4/23/2023
531,Saurabh Shah,5/15/2023
532,Aman Mehta,9/1/2023
533,Pooja Mehta,1/17/2023
534,Rahul Gupta,2/23/2023
535,Rahul Iyer,6/22/2024
536,Ravi Sharma,5/2/2024
537,Rohit Mehta,6/9/2024
538,Pooja Sharma,4/7/2024
539,Vikas Patel,9/21/2024
540,Aman Malhotra,6/17/2024
541,Priya Rao,10/20/2024
542,Aman Shah,5/5/2024
543,Divya Iyer,3/12/2024
544,Saurabh Sharma,5/17/2024
545,Sneha Rao,3/17/2023
546,Manish Sharma,11/26/2023
547,Pooja Verma,3/9/2023
548,Rahul Gupta,10/1/2024
549,Saurabh Singh,7/15/2024
550,Sneha Mehta,1/26/2024
551,Pooja Kapoor,10/29/2023
552,Rohit Kapoor,9/11/2024
553,Karan Sharma,12/19/2024
554,Ravi Malhotra,10/28/2024
555,Manish Kapoor,8/9/2023
556,Karan Rao,8/22/2023
557,Karan Mehta,4/9/2024
558,Karan Iyer,4/8/2023
559,Anjali Iyer,11/17/2023
560,Saurabh Gupta,1/19/2024
561,Rahul Malhotra,4/30/2024
562,Ravi Sharma,3/29/2023
563,Ravi Iyer,4/9/2023
564,Sneha Mehta,5/14/2023
565,Vikas Shah,8/23/2024
566,Vikas Kapoor,12/4/2023
567,Saurabh Sharma,2/25/2024
568,Anjali Malhotra,3/9/2024
569,Divya Shah,10/22/2023
570,Pooja Gupta,12/27/2023
571,Ravi Singh,6/3/2024
572,Neha Verma,11/3/2024
573,Rohit Patel,4/21/2023
574,Anjali Kapoor,1/12/2024
575,Ravi Gupta,8/10/2024
576,Neha Iyer,7/28/2024
577,Amit Singh,9/20/2024
578,Saurabh Malhotra,7/24/2024
579,Aman Singh,11/4/2024
580,Divya Gupta,1/30/2023
581,Rahul Gupta,12/20/2024
582,Amit Gupta,12/14/2023
583,Anjali Shah,7/5/2023
584,Divya Verma,8/2/2024
585,Saurabh Iyer,3/13/2023
586,Rahul Malhotra,2/1/2023
587,Ravi Kapoor,8/9/2023
588,Karan Iyer,4/9/2024
589,Anjali Verma,1/14/2024
590,Priya Mehta,8/4/2024
591,Pooja Sharma,2/23/2023
592,Rahul Verma,9/24/2024
593,Aman Malhotra,3/25/2023
594,Priya Rao,11/8/2024
595,Karan Rao,9/13/2024
596,Rohit Iyer,10/7/2023
597,Neha Kapoor,4/27/2023
598,Anjali Iyer,4/24/2023
599,Priya Malhotra,11/25/2024
600,Pooja Rao,6/23/2024
601,Saurabh Gupta,2/16/2023
602,Neha Iyer,9/5/2024
603,Aman Shah,7/29/2023
604,Priya Patel,5/21/2023
605,Amit Gupta,10/24/2023
606,Anjali Sharma,1/8/2023
607,Rohit Iyer,6/29/2023
608,Rahul Iyer,6/29/2024
609,Sneha Patel,5/27/2024
610,Vikas Malhotra,12/29/2023
611,Ravi Iyer,2/13/2023
612,Karan Shah,4/15/2024
613,Manish Sharma,11/17/2023
614,Pooja Iyer,8/10/2024
615,Karan Malhotra,3/3/2024
616,Priya Sharma,2/19/2024
617,Aman Mehta,6/25/2023
618,Amit Singh,4/16/2024
619,Divya Mehta,4/1/2023
620,Karan Sharma,9/7/2023
621,Karan Singh,2/15/2024
622,Vikas Sharma,2/10/2024
623,Divya Gupta,12/14/2023
624,Neha Mehta,6/22/2023
625,Ravi Kapoor,10/10/2024
626,Ravi Kapoor,6/6/2024
627,Neha Mehta,12/26/2023
628,Sneha Malhotra,6/1/2023
629,Neha Sharma,5/30/2023
630,Priya Patel,6/27/2023
631,Pooja Verma,11/2/2024
632,Ravi Verma,10/5/2024
633,Rohit Rao,7/31/2024
634,Amit Singh,4/4/2024
635,Saurabh Singh,10/20/2024
636,Saurabh Singh,11/27/2023
637,Divya Malhotra,11/20/2023
638,Rahul Rao,3/11/2023
639,Rohit Rao,10/8/2024
640,Priya Gupta,8/28/2024
641,Aman Mehta,6/3/2024
642,Ravi Gupta,4/17/2024
643,Rohit Shah,2/28/2023
644,Anjali Gupta,3/20/2023
645,Saurabh Sharma,9/21/2024
646,Pooja Kapoor,1/29/2024
647,Rohit Singh,7/21/2024
648,Amit Shah,4/5/2024
649,Manish Singh,10/29/2024
650,Neha Mehta,9/11/2024
651,Rohit Kapoor,6/4/2023
652,Aman Rao,4/16/2023
653,Amit Mehta,3/28/2023
654,Vikas Malhotra,6/26/2023
655,Aman Patel,12/25/2024
656,Rohit Rao,6/20/2024
657,Vikas Singh,6/12/2023
658,Anjali Mehta,10/17/2023
659,Karan Iyer,12/13/2023
660,Saurabh Singh,2/23/2023
661,Amit Malhotra,10/24/2024
662,Anjali Sharma,12/4/2023
663,Ravi Kapoor,11/25/2024
664,Karan Gupta,9/16/2023
665,Sneha Malhotra,9/9/2024
666,Divya Verma,12/8/2023
667,Ravi Singh,11/10/2024
668,Rahul Mehta,11/14/2023
669,Saurabh Malhotra,2/6/2024
670,Rahul Singh,12/26/2024
671,Ravi Gupta,7/26/2024
672,Karan Malhotra,12/3/2023
673,Divya Verma,11/17/2024
674,Sneha Malhotra,6/23/2024
675,Ravi Malhotra,11/17/2024
676,Karan Kapoor,1/6/2024
677,Aman Mehta,11/13/2023
678,Rahul Patel,12/16/2023
679,Amit Rao,7/16/2023
680,Neha Verma,6/8/2023
681,Ravi Gupta,4/14/2023
682,Vikas Kapoor,6/23/2024
683,Aman Malhotra,12/11/2023
684,Manish Singh,5/15/2023
685,Pooja Iyer,6/7/2023
686,Rahul Verma,12/10/2024
687,Amit Singh,6/19/2023
688,Sneha Rao,2/14/2023
689,Karan Mehta,11/23/2024
690,Sneha Patel,3/30/2024
691,Pooja Gupta,4/4/2024
692,Neha Kapoor,9/2/2023
693,Priya Rao,7/18/2023
694,Anjali Malhotra,8/7/2024
695,Rohit Rao,10/16/2023
696,Amit Iyer,5/29/2024
697,Vikas Iyer,6/15/2023
698,Divya Patel,9/11/2024
699,Rahul Gupta,2/23/2023
700,Saurabh Rao,1/16/2024
701,Vikas Sharma,12/29/2024
702,Divya Kapoor,5/8/2023
703,Priya Sharma,6/14/2023
704,Priya Rao,6/9/2024
705,Rahul Iyer,4/4/2023
706,Manish Patel,4/6/2024
707,Manish Mehta,1/28/2023
708,Karan Shah,2/10/2024
709,Vikas Mehta,8/30/2023
710,Karan Sharma,1/19/2024
711,Neha Shah,11/23/2023
712,Manish Sharma,10/27/2024
713,Anjali Verma,5/21/2023
714,Aman Gupta,4/28/2024
715,Sneha Verma,12/23/2024
716,Rohit Rao,9/22/2024
717,Aman Sharma,1/20/2023
718,Priya Patel,6/3/2023
719,Vikas Singh,6/24/2024
720,Karan Sharma,10/23/2023
721,Neha Gupta,5/5/2023
722,Aman Patel,3/5/2024
723,Saurabh Singh,4/13/2024
724,Ravi Sharma,5/26/2024
725,Pooja Kapoor,1/17/2023
726,Saurabh Kapoor,8/11/2024
727,Neha Verma,10/26/2023
728,Karan Shah,9/21/2024
729,Anjali Patel,8/7/2024
730,Karan Verma,11/11/2024
731,Saurabh Sharma,6/20/2024
732,Anjali Sharma,6/22/2024
733,Vikas Kapoor,6/3/2024
734,Vikas Shah,2/4/2024
735,Divya Rao,2/14/2023
736,Saurabh Iyer,1/18/2024
737,Priya Shah,1/1/2024
738,Amit Sharma,12/20/2023
739,Neha Malhotra,10/5/2024
740,Ravi Singh,12/7/2023
741,Rahul Shah,12/27/2023
742,Vikas Mehta,10/20/2024
743,Rahul Malhotra,4/20/2024
744,Sneha Rao,10/8/2024
745,Rahul Verma,3/6/2023
746,Sneha Rao,2/7/2023
747,Priya Patel,2/14/2023
748,Amit Patel,2/12/2023
749,Anjali Gupta,6/11/2024
750,Karan Kapoor,4/29/2024
751,Priya Shah,10/24/2024
752,Neha Gupta,1/1/2024
753,Divya Shah,11/2/2024
754,Anjali Gupta,5/8/2023
755,Amit Mehta,3/23/2024
756,Manish Iyer,3/26/2024
757,Manish Iyer,12/14/2023
758,Rahul Rao,12/9/2024
759,Rohit Mehta,6/15/2024
760,Priya Sharma,3/10/2024
761,Ravi Iyer,9/8/2024
762,Divya Verma,7/12/2024
763,Priya Mehta,4/16/2023
764,Ravi Mehta,11/7/2024
765,Priya Gupta,4/1/2024
766,Pooja Iyer,6/20/2023
767,Sneha Rao,12/26/2023
768,Rohit Shah,12/28/2023
769,Pooja Iyer,10/9/2023
770,Saurabh Shah,3/18/2023
771,Saurabh Malhotra,2/20/2024
772,Anjali Kapoor,11/26/2024
773,Rahul Shah,5/27/2023
774,Divya Singh,11/25/2024
775,Amit Rao,2/5/2023
776,Rahul Sharma,8/30/2023
777,Amit Malhotra,1/11/2024
778,Anjali Iyer,8/3/2024
779,Aman Singh,6/7/2023
780,Saurabh Rao,1/15/2024
781,Anjali Rao,3/20/2023
782,Pooja Verma,6/26/2024
783,Anjali Iyer,11/18/2023
784,Saurabh Gupta,9/13/2023
785,Ravi Shah,7/10/2023
786,Rohit Kapoor,2/1/2024
787,Manish Kapoor,5/1/2023
788,Priya Gupta,12/21/2024
789,Rohit Patel,9/18/2024
790,Priya Rao,7/24/2023
791,Ravi Verma,3/17/2023
792,Rohit Verma,12/31/2024
793,Rohit Sharma,11/29/2024
794,Divya Mehta,11/14/2024
795,Anjali Sharma,7/17/2024
796,Vikas Gupta,11/4/2023
797,Divya Verma,12/29/2024
798,Sneha Malhotra,6/28/2023
799,Amit Mehta,6/4/2024
800,Neha Sharma,7/25/2023
801,Amit Verma,8/31/2023
802,Amit Rao,1/27/2023
803,Anjali Kapoor,8/9/2024
804,Anjali Rao,7/18/2024
805,Rahul Singh,3/30/2023
806,Ravi Gupta,2/12/2024
807,Sneha Rao,6/22/2024
808,Karan Iyer,8/11/2024
809,Ravi Verma,11/21/2023
810,Saurabh Sharma,4/5/2024
811,Rohit Malhotra,6/13/2024
812,Anjali Verma,7/18/2024
813,Saurabh Singh,7/6/2023
814,Amit Verma,3/19/2024
815,Vikas Shah,5/8/2023
816,Vikas Verma,11/8/2023
817,Rahul Verma,11/27/2023
818,Manish Patel,12/21/2023
819,Vikas Gupta,3/22/2023
820,Priya Patel,10/12/2024
821,Vikas Gupta,5/9/2023
822,Saurabh Gupta,9/21/2024
823,Vikas Sharma,5/29/2024
824,Saurabh Verma,8/29/2024
825,Pooja Verma,6/25/2023
826,Saurabh Singh,9/11/2024
827,Anjali Singh,2/12/2023
828,Divya Shah,3/25/2023
829,Aman Malhotra,8/13/2024
830,Priya Malhotra,8/4/2023
831,Amit Singh,3/2/2024
832,Pooja Malhotra,2/1/2023
833,Rohit Malhotra,7/12/2024
834,Priya Malhotra,11/6/2023
835,Rohit Patel,12/2/2024
836,Karan Gupta,4/9/2024
837,Ravi Shah,6/11/2023
838,Rohit Iyer,5/10/2024
839,Rohit Patel,12/15/2023
840,Pooja Verma,11/17/2023
841,Divya Mehta,12/20/2023
842,Karan Verma,1/15/2024
843,Vikas Kapoor,4/19/2023
844,Anjali Patel,4/22/2024
845,Ravi Gupta,4/5/2024
846,Neha Verma,4/10/2023
847,Aman Gupta,1/29/2024
848,Divya Singh,3/4/2024
849,Neha Verma,12/2/2023
850,Manish Singh,11/17/2023
851,Neha Verma,5/25/2024
852,Vikas Rao,5/25/2024
853,Manish Gupta,5/24/2024
854,Aman Sharma,2/7/2024
855,Vikas Rao,9/4/2023
856,Neha Singh,12/28/2023
857,Aman Shah,10/16/2023
858,Rohit Singh,10/31/2024
859,Saurabh Rao,10/20/2023
860,Vikas Shah,4/21/2023
861,Karan Verma,9/28/2023
862,Sneha Mehta,2/17/2024
863,Anjali Shah,2/15/2024
864,Aman Singh,7/29/2024
865,Neha Mehta,7/20/2024
866,Priya Sharma,1/31/2024
867,Vikas Rao,7/17/2024
868,Priya Singh,11/27/2024
869,Pooja Sharma,5/12/2023
870,Ravi Iyer,1/18/2024
871,Amit Mehta,7/25/2024
872,Anjali Verma,7/23/2023
873,Pooja Kapoor,2/16/2024
874,Vikas Shah,2/16/2023
875,Aman Verma,12/31/2024
876,Anjali Rao,6/15/2024
877,Rohit Verma,9/12/2024
878,Manish Kapoor,5/24/2023
879,Anjali Singh,11/23/2023
880,Rahul Iyer,9/23/2024
881,Sneha Gupta,8/30/2024
882,Anjali Kapoor,6/5/2024
883,Vikas Rao,12/26/2024
884,Pooja Gupta,5/1/2024
885,Divya Shah,1/13/2024
886,Anjali Malhotra,4/23/2023
887,Karan Singh,11/12/2023
888,Amit Malhotra,1/28/2023
889,Pooja Rao,9/29/2023
890,Saurabh Singh,8/14/2024
891,Neha Shah,8/20/2024
892,Rohit Verma,6/20/2024
893,Saurabh Singh,1/25/2024
894,Rahul Malhotra,9/6/2023
895,Aman Singh,12/18/2024
896,Ravi Patel,1/20/2023
897,Rohit Mehta,3/4/2024
898,Rahul Iyer,12/8/2024
899,Neha Iyer,5/28/2024
900,Amit Singh,4/27/2024
901,Divya Shah,12/23/2024
902,Rahul Kapoor,8/1/2023
903,Vikas Mehta,11/9/2024
904,Rohit Kapoor,1/21/2024
905,Anjali Verma,4/15/2024
906,Manish Kapoor,12/17/2023
907,Vikas Mehta,11/23/2024
908,Amit Malhotra,10/20/2024
909,Amit Gupta,9/16/2024
910,Rohit Patel,9/10/2023
911,Priya Kapoor,11/2/2023
912,Neha Gupta,10/23/2023
913,Sneha Patel,12/7/2024
914,Sneha Rao,11/21/2023
915,Rohit Mehta,7/27/2024
916,Manish Gupta,10/22/2023
917,Ravi Singh,11/23/2024
918,Vikas Iyer,2/9/2024
919,Divya Mehta,5/30/2023
920,Priya Shah,10/22/2023
921,Sneha Sharma,12/21/2023
922,Manish Rao,11/2/2024
923,Priya Rao,8/8/2023
924,Neha Kapoor,10/5/2023
925,Manish Kapoor,12/13/2024
926,Priya Verma,4/22/2023
927,Pooja Singh,9/3/2023
928,Neha Shah,11/16/2024
929,Manish Kapoor,8/20/2023
930,Saurabh Patel,2/23/2023
931,Ravi Iyer,12/5/2023
932,Sneha Rao,4/13/2023
933,Saurabh Verma,1/6/2023
934,Vikas Verma,2/21/2024
935,Saurabh Rao,5/3/2024
936,Saurabh Patel,10/22/2023
937,Anjali Gupta,10/23/2024
938,Aman Sharma,10/29/2024
939,Pooja Patel,7/1/2024
940,Sneha Shah,6/29/2023
941,Karan Verma,2/7/2023
942,Divya Iyer,5/22/2024
943,Rahul Gupta,2/8/2023
944,Aman Gupta,8/4/2024
945,Pooja Sharma,12/10/2023
946,Priya Rao,10/18/2024
947,Vikas Kapoor,5/20/2024
948,Manish Verma,5/31/2024
949,Rohit Gupta,7/17/2023
950,Amit Sharma,12/5/2023
951,Rahul Rao,10/25/2024
952,Priya Verma,1/15/2023
953,Sneha Mehta,10/30/2023
954,Pooja Malhotra,7/17/2023
955,Rahul Singh,10/16/2024
956,Manish Iyer,3/13/2024
957,Vikas Mehta,3/30/2023
958,Karan Malhotra,4/8/2023
959,Rahul Verma,5/3/2024
960,Anjali Patel,1/7/2023
961,Priya Iyer,8/30/2023
962,Rohit Gupta,12/4/2023
963,Priya Singh,8/9/2024
964,Aman Gupta,10/31/2024
965,Anjali Patel,3/5/2023
966,Saurabh Sharma,4/21/2024
967,Priya Verma,2/20/2024
968,Saurabh Kapoor,12/21/2024
969,Amit Gupta,12/7/2024
970,Ravi Malhotra,10/30/2023
971,Anjali Singh,8/15/2023
972,Neha Verma,5/4/2024
973,Rahul Rao,9/12/2024
974,Anjali Iyer,12/19/2024
975,Vikas Rao,7/4/2024
976,Amit Malhotra,8/12/2023
977,Amit Patel,11/27/2024
978,Amit Singh,3/25/2023
979,Vikas Rao,6/24/2024
980,Sneha Mehta,3/21/2023
981,Manish Singh,4/25/2023
982,Aman Kapoor,6/1/2024
983,Neha Singh,7/3/2024
984,Rahul Verma,12/2/2023
985,Divya Kapoor,3/28/2024
986,Ravi Malhotra,7/30/2023
987,Sneha Singh,5/15/2024
988,Ravi Kapoor,4/1/2024
989,Amit Shah,4/9/2024
990,Rahul Kapoor,3/1/2024
991,Rohit Singh,3/1/2023
992,Vikas Rao,11/19/2024
993,Amit Gupta,1/23/2023
994,Karan Gupta,1/4/2023
995,Sneha Patel,8/15/2024
996,Ravi Shah,3/9/2024
997,Anjali Sharma,7/8/2024
998,Aman Sharma,4/28/2024
999,Aman Gupta,2/23/2024
1000,Rahul Verma,10/18/2024
1001,Sneha Malhotra,3/6/2024
1002,Anjali Iyer,4/4/2024
1003,Divya Iyer,1/20/2024
1004,Ravi Malhotra,11/8/2024
1005,Divya Kapoor,5/17/2023
1006,Saurabh Mehta,5/2/2023
1007,Rahul Kapoor,2/7/2024
1008,Vikas Verma,8/17/2023
1009,Divya Shah,1/24/2023
1010,Priya Rao,11/20/2024
1011,Sneha Kapoor,3/10/2024
1012,Vikas Iyer,8/24/2023
1013,Neha Rao,12/21/2023
1014,Rahul Gupta,7/13/2023
1015,Manish Sharma,2/2/2023
1016,Amit Malhotra,3/5/2024
1017,Pooja Shah,9/4/2023
1018,Neha Sharma,4/14/2023
1019,Pooja Shah,4/2/2024
1020,Pooja Malhotra,12/21/2024
1021,Divya Shah,9/8/2023
1022,Sneha Shah,2/16/2024
1023,Rohit Patel,7/6/2024
1024,Neha Shah,5/24/2023
1025,Vikas Gupta,8/28/2023
1026,Divya Singh,11/23/2023
1027,Pooja Singh,11/19/2024
1028,Divya Mehta,8/31/2023
1029,Priya Verma,11/7/2024
1030,Vikas Patel,2/28/2024
1031,Priya Gupta,3/4/2023
1032,Vikas Singh,6/29/2023
1033,Saurabh Malhotra,3/13/2024
1034,Vikas Rao,2/18/2023
1035,Anjali Malhotra,11/18/2024
1036,Karan Kapoor,11/23/2023
1037,Sneha Iyer,2/23/2024
1038,Rahul Gupta,1/21/2024
1039,Rahul Kapoor,4/29/2024
1040,Neha Patel,11/4/2023
1041,Divya Verma,4/19/2024
1042,Manish Shah,7/29/2024
1043,Karan Iyer,7/24/2024
1044,Vikas Verma,2/2/2024
1045,Neha Gupta,7/28/2023
1046,Anjali Malhotra,3/22/2023
1047,Manish Rao,1/15/2024
1048,Ravi Kapoor,7/15/2023
1049,Aman Gupta,1/22/2024
1050,Saurabh Singh,9/9/2024
1051,Aman Sharma,7/12/2023
1052,Amit Singh,11/18/2024
1053,Vikas Patel,5/5/2024
1054,Neha Mehta,11/7/2023
1055,Manish Shah,8/5/2023
1056,Manish Patel,5/1/2023
1057,Sneha Rao,9/6/2023
1058,Sneha Singh,12/21/2024
1059,Neha Iyer,9/3/2023
1060,Vikas Mehta,10/17/2023
1061,Karan Rao,6/30/2024
1062,Saurabh Mehta,11/12/2023
1063,Priya Mehta,6/9/2024
1064,Manish Rao,4/22/2024
1065,Ravi Rao,11/24/2023
1066,Manish Patel,1/15/2024
1067,Anjali Iyer,2/16/2023
1068,Pooja Patel,5/30/2023
1069,Aman Gupta,7/20/2024
1070,Manish Singh,8/16/2024
1071,Sneha Iyer,10/30/2023
1072,Rahul Patel,12/4/2023
1073,Neha Iyer,8/6/2024
1074,Divya Patel,5/26/2024
1075,Vikas Malhotra,12/2/2024
1076,Anjali Gupta,5/15/2024
1077,Sneha Malhotra,5/17/2024
1078,Rohit Verma,12/27/2023
1079,Rahul Verma,7/13/2024
1080,Rohit Verma,7/9/2024
1081,Saurabh Shah,6/20/2024
1082,Aman Sharma,11/15/2024
1083,Aman Shah,2/27/2024
1084,Rahul Malhotra,8/25/2023
1085,Ravi Verma,1/10/2023
1086,Neha Kapoor,4/11/2024
1087,Anjali Shah,9/24/2024
1088,Saurabh Malhotra,9/23/2024
1089,Manish Rao,11/6/2024
1090,Rohit Shah,1/7/2023
1091,Vikas Kapoor,2/26/2024
1092,Aman Shah,6/26/2024
1093,Sneha Gupta,7/2/2024
1094,Priya Shah,5/29/2024
1095,Divya Malhotra,3/16/2024
1096,Amit Verma,4/20/2023
1097,Manish Sharma,6/20/2024
1098,Rahul Patel,7/16/2023
1099,Pooja Kapoor,9/16/2023
1100,Divya Mehta,10/1/2023
1101,Amit Iyer,3/22/2023
1102,Anjali Iyer,4/15/2024
1103,Pooja Patel,12/14/2024
1104,Neha Gupta,12/1/2024
1105,Divya Sharma,10/31/2024
1106,Divya Malhotra,2/2/2023
1107,Ravi Iyer,1/24/2024
1108,Karan Kapoor,5/2/2024
1109,Aman Malhotra,1/10/2023
1110,Sneha Verma,3/26/2023
1111,Rohit Iyer,10/22/2024
1112,Amit Mehta,8/2/2024
1113,Divya Sharma,6/24/2024
1114,Manish Shah,8/24/2023
1115,Neha Singh,5/1/2024
1116,Priya Shah,3/18/2023
1117,Saurabh Gupta,7/10/2024
1118,Pooja Malhotra,2/3/2023
1119,Rahul Mehta,1/17/2023
1120,Neha Singh,5/28/2023
1121,Amit Iyer,3/20/2023
1122,Priya Verma,7/31/2024
1123,Neha Singh,2/3/2024
1124,Saurabh Kapoor,12/6/2023
1125,Karan Verma,12/6/2024
1126,Sneha Sharma,5/27/2024
1127,Sneha Mehta,2/24/2023
1128,Ravi Iyer,8/26/2023
1129,Divya Sharma,12/15/2023
1130,Pooja Singh,9/1/2024
1131,Karan Mehta,1/31/2023
1132,Saurabh Gupta,4/6/2024
1133,Rohit Patel,12/31/2023
1134,Vikas Iyer,3/18/2024
1135,Rahul Malhotra,8/22/2024
1136,Saurabh Iyer,3/29/2023
1137,Amit Singh,10/30/2023
1138,Amit Patel,12/31/2024
1139,Ravi Sharma,10/2/2023
1140,Rahul Iyer,12/29/2024
1141,Amit Malhotra,6/7/2023
1142,Sneha Iyer,11/21/2023
1143,Anjali Sharma,4/4/2023
1144,Aman Gupta,3/31/2024
1145,Anjali Gupta,4/15/2023
1146,Rahul Sharma,7/11/2023
1147,Karan Rao,7/24/2024
1148,Vikas Kapoor,2/22/2024
1149,Ravi Shah,4/2/2023
1150,Anjali Kapoor,4/6/2023
1151,Pooja Singh,11/29/2023
1152,Divya Iyer,1/13/2023
1153,Priya Iyer,2/2/2024
1154,Amit Sharma,7/26/2024
1155,Manish Patel,8/8/2024
1156,Vikas Verma,12/2/2024
1157,Karan Verma,5/23/2023
1158,Priya Gupta,10/2/2023
1159,Rohit Verma,3/6/2023
1160,Rahul Iyer,10/10/2023
1161,Karan Gupta,5/10/2024
1162,Amit Sharma,1/5/2024
1163,Priya Patel,10/2/2024
1164,Rohit Singh,9/23/2024
1165,Neha Rao,4/20/2023
1166,Rahul Gupta,1/7/2023
1167,Karan Mehta,9/27/2024
1168,Karan Mehta,3/26/2024
1169,Anjali Iyer,10/28/2024
1170,Pooja Verma,11/4/2023
1171,Anjali Singh,12/12/2024
1172,Neha Rao,11/18/2023
1173,Rahul Iyer,11/23/2023
1174,Priya Malhotra,5/17/2024
1175,Pooja Patel,11/30/2023
1176,Karan Gupta,2/7/2024
1177,Anjali Sharma,7/31/2024
1178,Neha Singh,7/12/2024
1179,Rahul Malhotra,7/17/2024
1180,Aman Rao,12/26/2024
1181,Neha Rao,10/26/2023
1182,Divya Sharma,2/23/2024
1183,Saurabh Rao,5/23/2023
1184,Saurabh Gupta,9/5/2023
1185,Priya Malhotra,6/7/2023
1186,Sneha Iyer,1/22/2024
1187,Ravi Rao,9/4/2024
1188,Rohit Singh,2/15/2024
1189,Vikas Kapoor,12/9/2024
1190,Karan Kapoor,2/7/2023
1191,Amit Mehta,12/19/2024
1192,Manish Kapoor,8/31/2024
1193,Saurabh Sharma,4/22/2023
1194,Amit Patel,11/4/2024
1195,Saurabh Mehta,6/20/2023
1196,Saurabh Singh,2/15/2023
1197,Pooja Malhotra,11/24/2024
1198,Saurabh Iyer,12/6/2023
1199,Amit Iyer,4/19/2023
1200,Aman Sharma,9/22/2023
