rider_id,rider_name,sign_up
1,Suresh Kumar,1/29/2025
2,Anil Gupta,8/17/2023
3,Mahesh Malhotra,4/15/2023
4,Naveen Sharma,8/27/2024
5,Ashok Kumar,1/31/2023
6,Rahul Gupta,8/27/2023
7,Arvind Iyer,1/28/2023
8,Naveen Gupta,1/3/2025
9,Naveen Yadav,8/14/2023
10,Vinay Iyer,10/12/2023
11,Ravi Choudhary,4/5/2025
12,Karan Malhotra,3/8/2024
13,Deepak Patel,6/9/2023
14,Rohit Choudhary,12/11/2023
15,Suresh Sharma,1/25/2024
16,Suresh Singh,5/17/2025
17,Pankaj Iyer,9/28/2023
18,Amit Malhotra,4/15/2024
19,Naveen Sharma,1/23/2024
20,Rahul Mehta,10/28/2023
21,Rajesh Agarwal,6/1/2025
22,Pankaj Iyer,7/16/2023
23,Rahul Kumar,11/8/2024
24,Vikas Choudhary,10/24/2023
25,Rahul Jain,8/27/2023
26,Suresh Yadav,10/12/2023
27,Vinay Rao,5/4/2025
28,Pankaj Verma,1/15/2024
29,Pankaj Gupta,11/17/2024
30,Anil Malhotra,11/30/2024
31,Rahul Iyer,10/12/2024
32,Karan Mehta,1/16/2025
33,Vikas Verma,4/18/2024
34,Manoj Patel,10/17/2024
35,Naveen Gupta,12/2/2024
36,Deepak Jain,2/25/2025
37,Amit Gupta,4/21/2025
38,Amit Choudhary,11/20/2023
39,Manoj Patel,3/9/2023
40,Rohit Agarwal,8/3/2024
41,Deepak Gupta,11/2/2024
42,Sandeep Yadav,6/24/2025
43,Vinay Verma,9/29/2023
44,Mahesh Gupta,2/1/2025
45,Naveen Mehta,9/27/2023
46,Prakash Yadav,7/8/2025
47,Prakash Yadav,1/6/2024
48,Vikas Verma,6/5/2024
49,Sandeep Sharma,2/12/2025
50,Amit Jain,4/23/2023
51,Mahesh Rao,6/13/2023
52,Ashok Iyer,3/7/2023
53,Manoj Yadav,9/2/2024
54,Vinay Mehta,9/15/2023
55,Naveen Jain,1/12/2023
56,Suresh Rao,6/25/2025
57,Naveen Choudhary,10/1/2023
58,Deepak Sharma,10/28/2023
59,Ashok Verma,4/9/2024
60,Ravi Malhotra,6/15/2025
61,Anil Mehta,2/19/2025
62,Karan Mehta,7/23/2025
63,Suresh Jain,10/2/2024
64,Sunil Jain,10/16/2024
65,Arvind Iyer,7/23/2023
66,Mahesh Singh,2/19/2025
67,Karan Mehta,3/8/2025
68,Arvind Agarwal,1/1/2023
69,Rajesh Singh,5/15/2024
70,Ravi Sharma,1/7/2024
71,Sunil Gupta,3/1/2023
72,Vikas Agarwal,8/3/2024
73,Rahul Sharma,1/19/2025
74,Sandeep Jain,3/12/2023
75,Naveen Choudhary,5/9/2023
76,Mahesh Rao,5/1/2024
77,Naveen Verma,9/29/2023
78,Arvind Jain,9/13/2024
79,Ashok Gupta,7/6/2024
80,Rohit Malhotra,11/16/2023
81,Manoj Rao,10/27/2024
82,Pankaj Reddy,7/10/2025
83,Arvind Reddy,5/4/2023
84,Vikas Gupta,3/7/2023
85,Deepak Kumar,8/25/2024
86,Naveen Gupta,8/25/2024
87,Vikas Kumar,3/14/2023
88,Amit Gupta,3/11/2023
89,Amit Jain,12/5/2023
90,Rahul Mehta,9/1/2023
91,Anil Rao,5/12/2024
92,Rohit Mehta,5/16/2023
93,Prakash Iyer,4/29/2024
94,Vikas Choudhary,4/29/2024
95,Ashok Gupta,4/7/2023
96,Suresh Rao,3/17/2024
97,Pankaj Yadav,2/25/2024
98,Vinay Jain,1/16/2025
99,Amit Rao,10/31/2024
100,Suresh Kumar,2/17/2024
101,Deepak Choudhary,6/1/2025
102,Suresh Gupta,7/16/2023
103,Rohit Mehta,4/4/2024
104,Mahesh Yadav,7/7/2023
105,Anil Reddy,9/13/2023
106,Rahul Reddy,4/7/2025
107,Naveen Sharma,2/21/2023
108,Naveen Jain,1/16/2023
109,Rahul Agarwal,2/10/2025
110,Vikas Verma,2/21/2024
111,Sandeep Reddy,8/7/2023
112,Manoj Agarwal,3/2/2023
113,Karan Yadav,1/3/2023
114,Manoj Patel,3/13/2025
115,Vinay Patel,3/9/2024
116,Naveen Rao,1/5/2025
117,Sandeep Verma,7/14/2023
118,Sunil Gupta,3/1/2023
119,Prakash Malhotra,7/9/2024
120,Amit Malhotra,11/18/2023
121,Amit Kumar,8/21/2024
122,Sandeep Mehta,7/30/2025
123,Arvind Verma,2/28/2023
124,Arvind Sharma,5/21/2025
125,Karan Sharma,9/1/2024
126,Rahul Rao,6/1/2025
127,Vikas Yadav,5/3/2023
128,Prakash Gupta,8/15/2024
129,Rajesh Kumar,9/26/2024
130,Rahul Yadav,11/4/2024
131,Prakash Iyer,6/19/2024
132,Deepak Agarwal,9/25/2023
133,Rohit Rao,1/3/2025
134,Deepak Gupta,9/29/2023
135,Manoj Verma,11/18/2024
136,Sunil Reddy,11/20/2023
137,Rahul Kumar,4/14/2024
138,Rajesh Iyer,4/13/2023
139,Rahul Mehta,8/7/2023
140,Arvind Patel,5/16/2023
141,Pankaj Agarwal,3/12/2023
142,Vikas Singh,10/19/2023
143,Karan Reddy,5/3/2025
144,Naveen Malhotra,11/6/2023
145,Rajesh Choudhary,10/31/2024
146,Arvind Kumar,11/14/2024
147,Naveen Patel,11/10/2024
148,Suresh Agarwal,5/18/2023
149,Anil Sharma,6/30/2025
150,Suresh Malhotra,7/20/2024
151,Mahesh Patel,10/16/2023
152,Rajesh Gupta,1/4/2025
153,Deepak Gupta,12/4/2024
154,Anil Mehta,5/15/2024
155,Anil Agarwal,7/18/2025
156,Amit Sharma,10/11/2024
157,Ashok Jain,10/11/2023
158,Amit Kumar,12/8/2023
159,Mahesh Rao,9/26/2023
160,Karan Malhotra,3/28/2024
161,Naveen Malhotra,3/13/2024
162,Naveen Kumar,4/25/2023
163,Rahul Agarwal,12/8/2024
164,Mahesh Mehta,2/6/2023
165,Pankaj Iyer,7/19/2024
166,Mahesh Yadav,5/11/2023
167,Amit Patel,1/9/2024
168,Amit Agarwal,1/2/2024
169,Rohit Rao,9/13/2023
170,Suresh Singh,3/9/2025
171,Naveen Agarwal,6/14/2025
172,Ashok Iyer,2/6/2025
173,Mahesh Agarwal,8/31/2023
174,Karan Choudhary,4/10/2025
175,Karan Agarwal,2/27/2024
176,Ravi Verma,1/24/2025
177,Deepak Choudhary,2/26/2024
178,Vikas Patel,6/13/2023
179,Suresh Yadav,6/12/2025
180,Amit Jain,4/26/2024
